ecosystem,packageName,name,displayName,description,recipeCount,category1,category2,category3,category1Description,category2Description,category3Description,options,dataTables
maven,org.openrewrite.recipe:rewrite-joda,org.openrewrite.java.joda.time.JodaAbstractInstantToJavaTime,Migrate Joda-Time `AbstractInstant` to Java time,"Migrates Joda-Time `AbstractInstant` method calls to their Java time equivalents, for both date times and instants.",1,Joda-Time,Joda,Java,Recipes for Joda-Time.,,Basic building blocks for transforming Java code.,,
maven,org.openrewrite.recipe:rewrite-joda,org.openrewrite.java.joda.time.JodaDateMidnightToJavaTime,Migrate Joda-Time `DateMidnight` to Java time,Migrates `org.joda.time.DateMidnight` constructors and `now()` calls to `java.time.LocalDate.atStartOfDay(...)`.,1,Joda-Time,Joda,Java,Recipes for Joda-Time.,,Basic building blocks for transforming Java code.,,
maven,org.openrewrite.recipe:rewrite-joda,org.openrewrite.java.joda.time.JodaDateTimeToJavaTime,Migrate Joda-Time `DateTime` to `java.time.ZonedDateTime`,Migrates Joda-Time `DateTime` constructors and instance methods to the equivalent `java.time.ZonedDateTime` calls.,1,Joda-Time,Joda,Java,Recipes for Joda-Time.,,Basic building blocks for transforming Java code.,,
maven,org.openrewrite.recipe:rewrite-joda,org.openrewrite.java.joda.time.JodaDateTimeZoneToJavaTime,Migrate Joda-Time `DateTimeZone` to Java time,Migrates `org.joda.time.DateTimeZone` method calls to `java.time.ZoneOffset` and `java.time.ZoneId`.,1,Joda-Time,Joda,Java,Recipes for Joda-Time.,,Basic building blocks for transforming Java code.,,
maven,org.openrewrite.recipe:rewrite-joda,org.openrewrite.java.joda.time.JodaDurationToJavaTime,Migrate Joda-Time `Duration` to Java time,Migrates `org.joda.time.Duration` constructor and method calls to `java.time.Duration`.,1,Joda-Time,Joda,Java,Recipes for Joda-Time.,,Basic building blocks for transforming Java code.,,
maven,org.openrewrite.recipe:rewrite-joda,org.openrewrite.java.joda.time.JodaFormatterToJavaTime,Migrate Joda-Time formatter to Java time,"Migrates Joda-Time `DateTimeFormatter`, `DateTimeFormat` and `ISODateTimeFormat` method calls to their Java time equivalents. Patterns are translated where Joda-Time and `java.time` read a pattern letter differently, and left alone when there is no exact translation.",1,Joda-Time,Joda,Java,Recipes for Joda-Time.,,Basic building blocks for transforming Java code.,,
maven,org.openrewrite.recipe:rewrite-joda,org.openrewrite.java.joda.time.JodaInstantToJavaTime,Migrate Joda-Time `Instant` to Java time,Migrates `org.joda.time.Instant` constructors and methods to `java.time.Instant`.,1,Joda-Time,Joda,Java,Recipes for Joda-Time.,,Basic building blocks for transforming Java code.,,
maven,org.openrewrite.recipe:rewrite-joda,org.openrewrite.java.joda.time.JodaIntervalToJavaTime,Migrate Joda-Time `Interval` to Java time,Migrates `org.joda.time.Interval` constructors and methods to their Java time equivalents using ThreeTen-Extra.,1,Joda-Time,Joda,Java,Recipes for Joda-Time.,,Basic building blocks for transforming Java code.,,
maven,org.openrewrite.recipe:rewrite-joda,org.openrewrite.java.joda.time.JodaLocalDateToJavaTime,Migrate Joda-Time `LocalDate` to `java.time.LocalDate`,Migrates Joda-Time `LocalDate` constructors and instance methods to the equivalent `java.time.LocalDate` calls.,1,Joda-Time,Joda,Java,Recipes for Joda-Time.,,Basic building blocks for transforming Java code.,,
maven,org.openrewrite.recipe:rewrite-joda,org.openrewrite.java.joda.time.JodaLocalTimeToJavaTime,Migrate Joda-Time `LocalTime` to `java.time.LocalTime`,Migrates Joda-Time `LocalTime` constructors and instance methods to the equivalent `java.time.LocalTime` calls.,1,Joda-Time,Joda,Java,Recipes for Joda-Time.,,Basic building blocks for transforming Java code.,,
maven,org.openrewrite.recipe:rewrite-joda,org.openrewrite.java.joda.time.JodaPropertyToJavaTime,Migrate Joda-Time property idioms to Java time,"Migrates the common uses of Joda-Time properties, such as `dayOfMonth().withMaximumValue()`, `hourOfDay().roundFloorCopy()` and `monthOfYear().getAsText(locale)`, to their `java.time` equivalents.",1,Joda-Time,Joda,Java,Recipes for Joda-Time.,,Basic building blocks for transforming Java code.,,
maven,org.openrewrite.recipe:rewrite-joda,org.openrewrite.java.joda.time.JodaTimePeriodToJavaTime,"Migrate Joda-Time `Days`, `Hours`, `Minutes`, `Seconds` to Java time","Migrates `org.joda.time.Days`, `Hours`, `Minutes`, and `Seconds` to `java.time.temporal.ChronoUnit` and `java.time.Duration`.",1,Joda-Time,Joda,Java,Recipes for Joda-Time.,,Basic building blocks for transforming Java code.,,
maven,org.openrewrite.recipe:rewrite-joda,org.openrewrite.java.joda.time.JodaTimeToJavaTime,Migrate Joda-Time to `java.time` where it can be done completely,"Migrates Joda-Time types and method calls to `java.time` and ThreeTen-Extra. Source files that pass Joda-Time values to each other through method signatures, fields or supertypes are migrated together, and only when every Joda-Time usage in all of them has a `java.time` mapping, so that the result compiles. To limit changes in behaviour, a Joda-Time type also stays on Joda-Time throughout the repository when it is used as a `Class` value other than a type token, handled by a framework integration named after Joda-Time, mapped with a Joda-Time user type, or named in framework XML configuration; and files that test runtime types with `instanceof` or a cast, or that pass such values as `Object`, are left on Joda-Time too. These are heuristics, not a guarantee that behaviour is unchanged: review the migrated code where values are converted to text, persisted or looked up by type, as for example `ZonedDateTime.toString()` and `ZoneOffset.UTC.getId()` differ from their Joda-Time counterparts. Everything that is left on Joda-Time is listed with the reason in the Joda-Time migration blockers data table.",2,Joda-Time,Joda,Java,Recipes for Joda-Time.,,Basic building blocks for transforming Java code.,"[{""name"":""migrateDespiteTypeLookups"",""type"":""List"",""displayName"":""Joda-Time types to migrate anyway"",""description"":""Fully qualified Joda-Time types to migrate even where the repository registers or looks them up by their type, which otherwise keeps them on Joda-Time throughout the repository. Use this after reviewing the registrations named in the Joda-Time migration blockers data table. The files that hold those registrations stay on Joda-Time, so update them by hand, including the files that convert or bind values of these types."",""example"":""org.joda.time.DateTime""}]","[{""name"":""org.openrewrite.java.joda.time.table.JodaTimeMigrationBlockers"",""displayName"":""Joda-Time migration blockers"",""instanceName"":""Joda-Time migration blockers"",""description"":""Source files that were left on Joda-Time, and why they could not be migrated to `java.time`."",""columns"":[{""name"":""sourcePath"",""type"":""String"",""displayName"":""Source path"",""description"":""The source file that was left on Joda-Time.""},{""name"":""reason"",""type"":""String"",""displayName"":""Reason"",""description"":""Why the source file could not be migrated to `java.time`.""}]}]"
maven,org.openrewrite.recipe:rewrite-joda,org.openrewrite.java.joda.time.NoJodaTime,Prefer the Java standard library instead of Joda-Time,"Before Java 8, Java lacked a robust date and time library, leading to the widespread use of Joda-Time to fill this gap. With the release of Java 8, the `java.time` package was introduced, incorporating most of Joda-Time's concepts. Features deemed too specialized or bulky for `java.time` were included in the ThreeTen-Extra library.  This recipe migrates Joda-Time types to `java.time` and `threeten-extra` types. Source files that pass Joda-Time values to each other are migrated together, and only when all of their Joda-Time usage can be migrated; the others are left on Joda-Time and listed in a data table with the reason.",3,Joda-Time,Joda,Java,Recipes for Joda-Time.,,Basic building blocks for transforming Java code.,,"[{""name"":""org.openrewrite.java.joda.time.table.JodaTimeMigrationBlockers"",""displayName"":""Joda-Time migration blockers"",""instanceName"":""Joda-Time migration blockers"",""description"":""Source files that were left on Joda-Time, and why they could not be migrated to `java.time`."",""columns"":[{""name"":""sourcePath"",""type"":""String"",""displayName"":""Source path"",""description"":""The source file that was left on Joda-Time.""},{""name"":""reason"",""type"":""String"",""displayName"":""Reason"",""description"":""Why the source file could not be migrated to `java.time`.""}]}]"
